{"version": "0.3.3", "timestamp": "2023-07-19 19:28:49.601018", "metrics": [{"metric": "DatasetDriftMetric", "result": {"drift_share": 0.5, "number_of_columns": 1, "number_of_drifted_columns": 0, "share_of_drifted_columns": 0.0, "dataset_drift": false}}, {"metric": "DataDriftTable", "result": {"number_of_columns": 1, "number_of_drifted_columns": 0, "share_of_drifted_columns": 0.0, "dataset_drift": false, "drift_by_columns": {"Close": {"column_name": "Close", "column_type": "num", "stattest_name": "K-S p_value", "stattest_threshold": 0.05, "drift_score": 0.9684099261397212, "drift_detected": false, "current": {"small_distribution": {"x": [85.08265151425705, 86.6932420904397, 88.30383266662234, 89.91442324280499, 91.52501381898763, 93.13560439517028, 94.7461949713529, 96.35678554753555, 97.9673761237182, 99.57796669990084, 101.18855727608349], "y": [0.006208902590068288, 0.024835610360273153, 0.05588012331061459, 0.03725341554040973, 0.09313353885102432, 0.14280475957157188, 0.06829792849075117, 0.07450683108081946, 0.08071573367088775, 0.03725341554040973]}}, "reference": {"small_distribution": {"x": [85.01000213623048, 86.54800186157227, 88.08600158691408, 89.62400131225587, 91.16200103759766, 92.70000076293945, 94.23800048828126, 95.77600021362305, 97.31399993896484, 98.85199966430665, 100.38999938964844], "y": [0.006501951746303264, 0.013003903492606408, 0.03901171047781959, 0.03901171047781959, 0.07802342095563918, 0.16905074540388332, 0.07152146920933591, 0.07802342095563918, 0.11053317968715447, 0.04551366222412285]}}}}}}, {"metric": "DatasetSummaryMetric", "result": {"almost_duplicated_threshold": 0.95, "current": {"target": null, "prediction": null, "date_column": null, "id_column": null, "number_of_columns": 1, "number_of_rows": 100, "number_of_missing_values": 0, "number_of_categorical_columns": 0, "number_of_numeric_columns": 1, "number_of_text_columns": 0, "number_of_datetime_columns": 0, "number_of_constant_columns": 0, "number_of_almost_constant_columns": 0, "number_of_duplicated_columns": 0, "number_of_almost_duplicated_columns": 0, "number_of_empty_rows": 0, "number_of_empty_columns": 0, "number_of_duplicated_rows": 0, "nans_by_columns": {"Close": 0}, "number_uniques_by_columns": {"Close": 100}}, "reference": {"target": null, "prediction": null, "date_column": null, "id_column": null, "number_of_columns": 1, "number_of_rows": 100, "number_of_missing_values": 0, "number_of_categorical_columns": 0, "number_of_numeric_columns": 1, "number_of_text_columns": 0, "number_of_datetime_columns": 0, "number_of_constant_columns": 0, "number_of_almost_constant_columns": 0, "number_of_duplicated_columns": 0, "number_of_almost_duplicated_columns": 0, "number_of_empty_rows": 0, "number_of_empty_columns": 0, "number_of_duplicated_rows": 3, "nans_by_columns": {"Close": 0}, "number_uniques_by_columns": {"Close": 97}}}}, {"metric": "ColumnSummaryMetric", "result": {"column_name": "Close", "column_type": "num", "reference_characteristics": {"number_of_rows": 100, "count": 100, "missing": 0, "missing_percentage": 0.0, "mean": 94.35, "std": 3.24, "min": 85.01, "p25": 92.46, "p50": 94.15, "p75": 96.99, "max": 100.39, "unique": 97, "unique_percentage": 97.0, "infinite_count": 0, "infinite_percentage": 0.0, "most_common": 94.06, "most_common_percentage": 2.0}, "current_characteristics": {"number_of_rows": 100, "count": 100, "missing": 0, "missing_percentage": 0.0, "mean": 94.43, "std": 3.53, "min": 85.08, "p25": 92.55, "p50": 94.22, "p75": 97.23, "max": 101.19, "unique": 100, "unique_percentage": 100.0, "infinite_count": 0, "infinite_percentage": 0.0, "most_common": 93.53914, "most_common_percentage": 1.0}}}, {"metric": "DatasetMissingValuesMetric", "result": {"current": {"different_missing_values": {"": 0, "-Infinity": 0, "null": 0, "Infinity": 0}, "number_of_different_missing_values": 0, "different_missing_values_by_column": {"Close": {"": 0, "-Infinity": 0, "null": 0, "Infinity": 0}}, "number_of_different_missing_values_by_column": {"Close": 0}, "number_of_missing_values": 0, "share_of_missing_values": 0.0, "number_of_missing_values_by_column": {"Close": 0}, "share_of_missing_values_by_column": {"Close": 0.0}, "number_of_rows": 100, "number_of_rows_with_missing_values": 0, "share_of_rows_with_missing_values": 0.0, "number_of_columns": 1, "columns_with_missing_values": [], "number_of_columns_with_missing_values": 0, "share_of_columns_with_missing_values": 0.0}, "reference": {"different_missing_values": {"": 0, "-Infinity": 0, "null": 0, "Infinity": 0}, "number_of_different_missing_values": 0, "different_missing_values_by_column": {"Close": {"": 0, "-Infinity": 0, "null": 0, "Infinity": 0}}, "number_of_different_missing_values_by_column": {"Close": 0}, "number_of_missing_values": 0, "share_of_missing_values": 0.0, "number_of_missing_values_by_column": {"Close": 0}, "share_of_missing_values_by_column": {"Close": 0.0}, "number_of_rows": 100, "number_of_rows_with_missing_values": 0, "share_of_rows_with_missing_values": 0.0, "number_of_columns": 1, "columns_with_missing_values": [], "number_of_columns_with_missing_values": 0, "share_of_columns_with_missing_values": 0.0}}}, {"metric": "DatasetCorrelationsMetric", "result": {"current": {"stats": {"pearson": {"target_prediction_correlation": null, "abs_max_target_features_correlation": null, "abs_max_prediction_features_correlation": null, "abs_max_correlation": 0.0, "abs_max_features_correlation": 0.0}, "spearman": {"target_prediction_correlation": null, "abs_max_target_features_correlation": null, "abs_max_prediction_features_correlation": null, "abs_max_correlation": 0.0, "abs_max_features_correlation": 0.0}, "kendall": {"target_prediction_correlation": null, "abs_max_target_features_correlation": null, "abs_max_prediction_features_correlation": null, "abs_max_correlation": 0.0, "abs_max_features_correlation": 0.0}, "cramer_v": {"target_prediction_correlation": null, "abs_max_target_features_correlation": null, "abs_max_prediction_features_correlation": null, "abs_max_correlation": null, "abs_max_features_correlation": null}}}, "reference": {"stats": {"pearson": {"target_prediction_correlation": null, "abs_max_target_features_correlation": null, "abs_max_prediction_features_correlation": null, "abs_max_correlation": 0.0, "abs_max_features_correlation": 0.0}, "spearman": {"target_prediction_correlation": null, "abs_max_target_features_correlation": null, "abs_max_prediction_features_correlation": null, "abs_max_correlation": 0.0, "abs_max_features_correlation": 0.0}, "kendall": {"target_prediction_correlation": null, "abs_max_target_features_correlation": null, "abs_max_prediction_features_correlation": null, "abs_max_correlation": 0.0, "abs_max_features_correlation": 0.0}, "cramer_v": {"target_prediction_correlation": null, "abs_max_target_features_correlation": null, "abs_max_prediction_features_correlation": null, "abs_max_correlation": null, "abs_max_features_correlation": null}}}}}]}